scenario,t,upper_gap
Null,0,-0.035897435897435895
Null,0.01,-0.04641025641025641
Null,0.02,-0.0411439842209073
Null,0.03,-0.04337278106508875
Null,0.04,-0.04047337278106509
Null,0.05,-0.041124260355029585
Null,0.06,-0.04493096646942801
Null,0.07,-0.04321499013806705
Null,0.08,-0.04268244575936883
Null,0.09,-0.041755424063116386
Null,0.1,-0.04043392504930965
Null,0.11,-0.03792899408284024
Null,0.12,-0.03621301775147928
Null,0.13,-0.03725838264299802
Null,0.14,-0.03672583826429979
Null,0.15,-0.03816568047337279
Null,0.16,-0.03960552268244574
Null,0.17,-0.037889546351084796
Null,0.18,-0.03972386587771204
Null,0.19,-0.03721893491124259
Null,0.2,-0.03629191321499012
Null,0.21,-0.032603550295857986
Null,0.22,-0.03325443786982249
Null,0.23,-0.033905325443786966
Null,0.24,-0.03416173570019726
Null,0.25,-0.03244575936883631
Null,0.26,-0.035069033530572
Null,0.27,-0.038481262327416166
Null,0.28,-0.035976331360946745
Null,0.29,-0.03781065088757396
Null,0.3,-0.03648915187376728
Null,0.31,-0.03516765285996054
Null,0.32,-0.033057199211045385
Null,0.33,-0.03291913214990139
Null,0.34,-0.03041420118343191
Null,0.35000000000000003,-0.033431952662721864
Null,0.36,-0.03447731755424066
Null,0.37,-0.03473372781065087
Null,0.38,-0.0338067061143984
Null,0.39,-0.03248520710059172
Null,0.4,-0.03076923076923077
Null,0.41000000000000003,-0.031814595660749456
Null,0.42,-0.034832347140039466
Null,0.43,-0.032721893491124254
Null,0.44,-0.03140039447731757
Null,0.45,-0.031262327416173574
Null,0.46,-0.03704142011834316
Null,0.47000000000000003,-0.03453648915187374
Null,0.48,-0.03321499013806706
Null,0.49,-0.03189349112426032
Null,0.5,-0.02859960552268248
Null,0.51,-0.028461538461538427
Null,0.52,-0.026745562130177536
Null,0.53,-0.027396449704142012
Null,0.54,-0.0300197238658777
Null,0.55,-0.02909270216962523
Null,0.56,-0.028954635108481175
Null,0.5700000000000001,-0.025660749506903335
Null,0.58,-0.025128205128205128
Null,0.59,-0.025779092702169604
Null,0.6,-0.02485207100591713
Null,0.61,-0.022741617357001975
Null,0.62,-0.022998027613412186
Null,0.63,-0.021282051282051295
Null,0.64,-0.01838264299802761
Null,0.65,-0.01587771203155819
Null,0.66,-0.015739644970414135
Null,0.67,-0.015207100591715927
Null,0.68,-0.014280078895463455
Null,0.6900000000000001,-0.016114398422090725
Null,0.7000000000000001,-0.017948717948717885
Null,0.71,-0.017021696252465524
Null,0.72,-0.014911242603550368
Null,0.73,-0.018323471400394475
Null,0.74,-0.015818540433925055
Null,0.75,-0.014891518737672582
Null,0.76,-0.01317554240631158
Null,0.77,-0.010276134122288005
Null,0.78,-0.0077712031558184735
Null,0.79,-0.008027613412228796
Null,0.8,-0.007889546351084742
Null,0.81,-0.008145956607495064
Null,0.8200000000000001,-0.00879684418145954
Null,0.8300000000000001,-0.006291913214990119
Null,0.84,-0.00733727810650886
Null,0.85,-0.005621301775147969
Null,0.86,-0.006272189349112445
Null,0.87,-0.0073175542406311855
Null,0.88,-0.008362919132149926
Null,0.89,-0.0058579881656805055
Null,0.9,-0.005719921104536452
Null,0.91,-0.004792899408283979
Null,0.92,-0.004654832347140037
Null,0.93,-0.0033333333333332993
Null,0.9400000000000001,-4.339250493096136e-4
Null,0.9500000000000001,9.861932938859397e-5
Null,0.96,6.311637080868016e-4
Null,0.97,0.0011637080867850091
Null,0.98,-0.0030374753451676284
Null,0.99,-0.0028994082840236857
Null,1,0
Underreaction (beta = 0.9),0,-0.035897435897435895
Underreaction (beta = 0.9),0.01,-0.0404930966469428
Underreaction (beta = 0.9),0.02,-0.03522682445759369
Underreaction (beta = 0.9),0.03,-0.03153846153846154
Underreaction (beta = 0.9),0.04,-0.030611439842209077
Underreaction (beta = 0.9),0.05,-0.02731755424063116
Underreaction (beta = 0.9),0.06,-0.027179487179487177
Underreaction (beta = 0.9),0.07,-0.027830374753451667
Underreaction (beta = 0.9),0.08,-0.02848126232741617
Underreaction (beta = 0.9),0.09,-0.03149901380670611
Underreaction (beta = 0.9),0.1,-0.029388560157790927
Underreaction (beta = 0.9),0.11,-0.03201183431952663
Underreaction (beta = 0.9),0.12,-0.030295857988165698
Underreaction (beta = 0.9),0.13,-0.032130177514792885
Underreaction (beta = 0.9),0.14,-0.03435897435897434
Underreaction (beta = 0.9),0.15,-0.03382642998027613
Underreaction (beta = 0.9),0.16,-0.03368836291913216
Underreaction (beta = 0.9),0.17,-0.03236686390532542
Underreaction (beta = 0.9),0.18,-0.03301775147928995
Underreaction (beta = 0.9),0.19,-0.03682445759368835
Underreaction (beta = 0.9),0.2,-0.035502958579881644
Underreaction (beta = 0.9),0.21,-0.03654832347140041
Underreaction (beta = 0.9),0.22,-0.0383826429980276
Underreaction (beta = 0.9),0.23,-0.04179487179487176
Underreaction (beta = 0.9),0.24,-0.04402366863905327
Underreaction (beta = 0.9),0.25,-0.04546351084812622
Underreaction (beta = 0.9),0.26,-0.04335305719921101
Underreaction (beta = 0.9),0.27,-0.04400394477317554
Underreaction (beta = 0.9),0.28,-0.04426035502958575
Underreaction (beta = 0.9),0.29,-0.04570019723865881
Underreaction (beta = 0.9),0.3,-0.04477317554240634
Underreaction (beta = 0.9),0.31,-0.046607495069033555
Underreaction (beta = 0.9),0.32,-0.05001972386587772
Underreaction (beta = 0.9),0.33,-0.05027613412228793
Underreaction (beta = 0.9),0.34,-0.04934911242603546
Underreaction (beta = 0.9),0.35000000000000003,-0.04763313609467451
Underreaction (beta = 0.9),0.36,-0.04788954635108483
Underreaction (beta = 0.9),0.37,-0.04696252465483236
Underreaction (beta = 0.9),0.38,-0.05313609467455621
Underreaction (beta = 0.9),0.39,-0.050236686390532526
Underreaction (beta = 0.9),0.4,-0.04970414201183432
Underreaction (beta = 0.9),0.41000000000000003,-0.05114398422090727
Underreaction (beta = 0.9),0.42,-0.04824457593688364
Underreaction (beta = 0.9),0.43,-0.04928994082840238
Underreaction (beta = 0.9),0.44,-0.05309664694280081
Underreaction (beta = 0.9),0.45,-0.056114398422090705
Underreaction (beta = 0.9),0.46,-0.05321499013806702
Underreaction (beta = 0.9),0.47000000000000003,-0.05347140039447734
Underreaction (beta = 0.9),0.48,-0.05648915187376724
Underreaction (beta = 0.9),0.49,-0.05595660749506903
Underreaction (beta = 0.9),0.5,-0.055424063116370825
Underreaction (beta = 0.9),0.51,-0.0560749506903353
Underreaction (beta = 0.9),0.52,-0.054753451676528564
Underreaction (beta = 0.9),0.53,-0.056587771203155834
Underreaction (beta = 0.9),0.54,-0.05566074950690336
Underreaction (beta = 0.9),0.55,-0.05749506903353052
Underreaction (beta = 0.9),0.56,-0.056962524654832314
Underreaction (beta = 0.9),0.5700000000000001,-0.05445759368836289
Underreaction (beta = 0.9),0.58,-0.05195266272189358
Underreaction (beta = 0.9),0.59,-0.05378698224852074
Underreaction (beta = 0.9),0.6,-0.054043392504930954
Underreaction (beta = 0.9),0.61,-0.050749506903353114
Underreaction (beta = 0.9),0.62,-0.050216962524654796
Underreaction (beta = 0.9),0.63,-0.04968441814595659
Underreaction (beta = 0.9),0.64,-0.048757396449704116
Underreaction (beta = 0.9),0.65,-0.04822485207100591
Underreaction (beta = 0.9),0.66,-0.04690335305719917
Underreaction (beta = 0.9),0.67,-0.04755424063116365
Underreaction (beta = 0.9),0.68,-0.04702169625246544
Underreaction (beta = 0.9),0.6900000000000001,-0.0488560157790926
Underreaction (beta = 0.9),0.7000000000000001,-0.04753451676528597
Underreaction (beta = 0.9),0.71,-0.04502958579881655
Underreaction (beta = 0.9),0.72,-0.044497041420118344
Underreaction (beta = 0.9),0.73,-0.04357001972386587
Underreaction (beta = 0.9),0.74,-0.04027613412228803
Underreaction (beta = 0.9),0.75,-0.03698224852071008
Underreaction (beta = 0.9),0.76,-0.03684418145956603
Underreaction (beta = 0.9),0.77,-0.03631163708086782
Underreaction (beta = 0.9),0.78,-0.03893491124260351
Underreaction (beta = 0.9),0.79,-0.03682445759368835
Underreaction (beta = 0.9),0.8,-0.03944773175542404
Underreaction (beta = 0.9),0.81,-0.038915187376725835
Underreaction (beta = 0.9),0.8200000000000001,-0.0364102564102563
Underreaction (beta = 0.9),0.8300000000000001,-0.033116370808678464
Underreaction (beta = 0.9),0.84,-0.035739644970414264
Underreaction (beta = 0.9),0.85,-0.03126232741617363
Underreaction (beta = 0.9),0.86,-0.031124260355029576
Underreaction (beta = 0.9),0.87,-0.0313806706114399
Underreaction (beta = 0.9),0.88,-0.02927021696252463
Underreaction (beta = 0.9),0.89,-0.027948717948717894
Underreaction (beta = 0.9),0.9,-0.02426035502958579
Underreaction (beta = 0.9),0.91,-0.022938856015779052
Underreaction (beta = 0.9),0.92,-0.018461538461538418
Underreaction (beta = 0.9),0.93,-0.01792899408284021
Underreaction (beta = 0.9),0.9400000000000001,-0.015818540433924944
Underreaction (beta = 0.9),0.9500000000000001,-0.013708086785009788
Underreaction (beta = 0.9),0.96,-0.012781065088757426
Underreaction (beta = 0.9),0.97,-0.011459566074950689
Underreaction (beta = 0.9),0.98,-0.009349112426035533
Underreaction (beta = 0.9),0.99,-0.005660749506903318
Underreaction (beta = 0.9),1,0
Overreaction (beta = 1.1),0,-0.05562130177514793
Overreaction (beta = 1.1),0.01,-0.06337278106508876
Overreaction (beta = 1.1),0.02,-0.06481262327416173
Overreaction (beta = 1.1),0.03,-0.06191321499013806
Overreaction (beta = 1.1),0.04,-0.05822485207100591
Overreaction (beta = 1.1),0.05,-0.05887573964497041
Overreaction (beta = 1.1),0.06,-0.05597633136094675
Overreaction (beta = 1.1),0.07,-0.05426035502958579
Overreaction (beta = 1.1),0.08,-0.052544378698224856
Overreaction (beta = 1.1),0.09,-0.052011834319526634
Overreaction (beta = 1.1),0.1,-0.047534516765286
Overreaction (beta = 1.1),0.11,-0.04463510848126233
Overreaction (beta = 1.1),0.12,-0.04370808678500987
Overreaction (beta = 1.1),0.13,-0.043175542406311634
Overreaction (beta = 1.1),0.14,-0.03909270216962524
Overreaction (beta = 1.1),0.15,-0.03737672583826432
Overreaction (beta = 1.1),0.16,-0.03289940828402366
Overreaction (beta = 1.1),0.17,-0.029605522682445734
Overreaction (beta = 1.1),0.18,-0.032623274161735716
Overreaction (beta = 1.1),0.19,-0.030118343195266267
Overreaction (beta = 1.1),0.2,-0.029585798816568032
Overreaction (beta = 1.1),0.21,-0.026291913214990137
Overreaction (beta = 1.1),0.22,-0.0257593688362919
Overreaction (beta = 1.1),0.23,-0.02956607495069033
Overreaction (beta = 1.1),0.24,-0.0306114398422091
Overreaction (beta = 1.1),0.25,-0.02928994082840236
Overreaction (beta = 1.1),0.26,-0.024023668639053253
Overreaction (beta = 1.1),0.27,-0.02349112426035499
Overreaction (beta = 1.1),0.28,-0.022958579881656782
Overreaction (beta = 1.1),0.29,-0.022426035502958575
Overreaction (beta = 1.1),0.3,-0.018737672583826415
Overreaction (beta = 1.1),0.31,-0.02017751479289942
Overreaction (beta = 1.1),0.32,-0.023589743589743584
Overreaction (beta = 1.1),0.33,-0.02384615384615385
Overreaction (beta = 1.1),0.34,-0.022524654832347113
Overreaction (beta = 1.1),0.35000000000000003,-0.017652859960552214
Overreaction (beta = 1.1),0.36,-0.01751479289940827
Overreaction (beta = 1.1),0.37,-0.013826429980276111
Overreaction (beta = 1.1),0.38,-0.016844181459566065
Overreaction (beta = 1.1),0.39,-0.016706114398422067
Overreaction (beta = 1.1),0.4,-0.01617357001972386
Overreaction (beta = 1.1),0.41000000000000003,-0.01642998027613407
Overreaction (beta = 1.1),0.42,-0.016686390532544393
Overreaction (beta = 1.1),0.43,-0.013392504930966498
Overreaction (beta = 1.1),0.44,-0.011676528599605496
Overreaction (beta = 1.1),0.45,-0.010355029585798814
Overreaction (beta = 1.1),0.46,-0.011794871794871764
Overreaction (beta = 1.1),0.47000000000000003,-0.014023668639053244
Overreaction (beta = 1.1),0.48,-0.012702169625246562
Overreaction (beta = 1.1),0.49,-0.007435897435897454
Overreaction (beta = 1.1),0.5,-0.007692307692307665
Overreaction (beta = 1.1),0.51,-0.007159763313609457
Overreaction (beta = 1.1),0.52,-0.004260355029585772
Overreaction (beta = 1.1),0.53,-0.0053057199211045125
Overreaction (beta = 1.1),0.54,-0.003984220907297775
Overreaction (beta = 1.1),0.55,-0.005029585798816516
Overreaction (beta = 1.1),0.56,-0.00291913214990136
Overreaction (beta = 1.1),0.5700000000000001,-0.003964497041420101
Overreaction (beta = 1.1),0.58,-0.0018540433925049449
Overreaction (beta = 1.1),0.59,0.003017751479289954
Overreaction (beta = 1.1),0.6,0.00433925049309658
Overreaction (beta = 1.1),0.61,0.004082840236686369
Overreaction (beta = 1.1),0.62,0.004220907297830423
Overreaction (beta = 1.1),0.63,0.005542406311637049
Overreaction (beta = 1.1),0.64,0.005285996055226838
Overreaction (beta = 1.1),0.65,0.006607495069033575
Overreaction (beta = 1.1),0.66,0.01029585798816568
Overreaction (beta = 1.1),0.67,0.0128007889546351
Overreaction (beta = 1.1),0.68,0.014516765285996103
Overreaction (beta = 1.1),0.6900000000000001,0.012682445759368943
Overreaction (beta = 1.1),0.7000000000000001,0.012820512820512886
Overreaction (beta = 1.1),0.71,0.015325443786982196
Overreaction (beta = 1.1),0.72,0.012307692307692242
Overreaction (beta = 1.1),0.73,0.010867850098619347
Overreaction (beta = 1.1),0.74,0.009822485207100606
Overreaction (beta = 1.1),0.75,0.012327416173570027
Overreaction (beta = 1.1),0.76,0.013648915187376764
Overreaction (beta = 1.1),0.77,0.014575936883629237
Overreaction (beta = 1.1),0.78,0.016291913214990128
Overreaction (beta = 1.1),0.79,0.016429980276134182
Overreaction (beta = 1.1),0.8,0.016568047337278125
Overreaction (beta = 1.1),0.81,0.017495069033530597
Overreaction (beta = 1.1),0.8200000000000001,0.018816568047337334
Overreaction (beta = 1.1),0.8300000000000001,0.019743589743589807
Overreaction (beta = 1.1),0.84,0.018698224852070955
Overreaction (beta = 1.1),0.85,0.020019723865877692
Overreaction (beta = 1.1),0.86,0.01897435897435895
Overreaction (beta = 1.1),0.87,0.020690335305719953
Overreaction (beta = 1.1),0.88,0.017278106508875735
Overreaction (beta = 1.1),0.89,0.01504930966469431
Overreaction (beta = 1.1),0.9,0.010848126232741673
Overreaction (beta = 1.1),0.91,0.015325443786982307
Overreaction (beta = 1.1),0.92,0.013491124260355036
Overreaction (beta = 1.1),0.93,0.013234714003944825
Overreaction (beta = 1.1),0.9400000000000001,0.01258382642998035
Overreaction (beta = 1.1),0.9500000000000001,0.013510848126232822
Overreaction (beta = 1.1),0.96,0.01167652859960544
Overreaction (beta = 1.1),0.97,0.010236686390532546
Overreaction (beta = 1.1),0.98,0.006429980276134062
Overreaction (beta = 1.1),0.99,0.0022287968441814243
Overreaction (beta = 1.1),1,0
Positive drift (delta = 1.0),0,-0.03905325443786982
Positive drift (delta = 1.0),0.01,-0.04917159763313609
Positive drift (delta = 1.0),0.02,-0.04469428007889546
Positive drift (delta = 1.0),0.03,-0.0457396449704142
Positive drift (delta = 1.0),0.04,-0.04362919132149901
Positive drift (delta = 1.0),0.05,-0.044674556213017746
Positive drift (delta = 1.0),0.06,-0.04808678500986194
Positive drift (delta = 1.0),0.07,-0.04360946745562129
Positive drift (delta = 1.0),0.08,-0.04268244575936883
Positive drift (delta = 1.0),0.09,-0.04254437869822486
Positive drift (delta = 1.0),0.1,-0.04003944773175541
Positive drift (delta = 1.0),0.11,-0.0367455621301775
Positive drift (delta = 1.0),0.12,-0.03976331360946747
Positive drift (delta = 1.0),0.13,-0.04120315581854042
Positive drift (delta = 1.0),0.14,-0.04106508875739642
Positive drift (delta = 1.0),0.15,-0.03895463510848127
Positive drift (delta = 1.0),0.16,-0.03842209072978303
Positive drift (delta = 1.0),0.17,-0.03631163708086785
Positive drift (delta = 1.0),0.18,-0.03577909270216964
Positive drift (delta = 1.0),0.19,-0.034063116370808666
Positive drift (delta = 1.0),0.2,-0.03234714003944772
Positive drift (delta = 1.0),0.21,-0.029053254437869824
Positive drift (delta = 1.0),0.22,-0.030098619329388537
Positive drift (delta = 1.0),0.23,-0.02996055226824454
Positive drift (delta = 1.0),0.24,-0.030216962524654833
Positive drift (delta = 1.0),0.25,-0.029684418145956626
Positive drift (delta = 1.0),0.26,-0.029940828402366837
Positive drift (delta = 1.0),0.27,-0.03216962524654832
Positive drift (delta = 1.0),0.28,-0.031637080867850054
Positive drift (delta = 1.0),0.29,-0.033076923076923115
Positive drift (delta = 1.0),0.3,-0.030966469428007903
Positive drift (delta = 1.0),0.31,-0.028461538461538483
Positive drift (delta = 1.0),0.32,-0.02635108481262327
Positive drift (delta = 1.0),0.33,-0.0254240631163708
Positive drift (delta = 1.0),0.34,-0.02410256410256406
Positive drift (delta = 1.0),0.35000000000000003,-0.023570019723865854
Positive drift (delta = 1.0),0.36,-0.02461538461538465
Positive drift (delta = 1.0),0.37,-0.023293885601577913
Positive drift (delta = 1.0),0.38,-0.021972386587771175
Positive drift (delta = 1.0),0.39,-0.021834319526627233
Positive drift (delta = 1.0),0.4,-0.023274161735700183
Positive drift (delta = 1.0),0.41000000000000003,-0.02274161735700192
Positive drift (delta = 1.0),0.42,-0.023392504930966507
Positive drift (delta = 1.0),0.43,-0.02207100591715977
Positive drift (delta = 1.0),0.44,-0.021538461538461562
Positive drift (delta = 1.0),0.45,-0.019033530571992086
Positive drift (delta = 1.0),0.46,-0.019289940828402352
Positive drift (delta = 1.0),0.47000000000000003,-0.01678500986193293
Positive drift (delta = 1.0),0.48,-0.01546351084812625
Positive drift (delta = 1.0),0.49,-0.010986193293885615
Positive drift (delta = 1.0),0.5,-0.010059171597633143
Positive drift (delta = 1.0),0.51,-0.00992110453648909
Positive drift (delta = 1.0),0.52,-0.008599605522682463
Positive drift (delta = 1.0),0.53,-0.011222879684418152
Positive drift (delta = 1.0),0.54,-0.00950690335305715
Positive drift (delta = 1.0),0.55,-0.006607495069033464
Positive drift (delta = 1.0),0.56,-0.006074950690335257
Positive drift (delta = 1.0),0.5700000000000001,-0.003175542406311571
Positive drift (delta = 1.0),0.58,-0.0034319526627218933
Positive drift (delta = 1.0),0.59,2.564102564102111e-4
Positive drift (delta = 1.0),0.6,-3.9447731755426485e-4
Positive drift (delta = 1.0),0.61,9.270216962524724e-4
Positive drift (delta = 1.0),0.62,0.004220907297830423
Positive drift (delta = 1.0),0.63,0.003175542406311682
Positive drift (delta = 1.0),0.64,0.007652859960552316
Positive drift (delta = 1.0),0.65,0.010157790927021737
Positive drift (delta = 1.0),0.66,0.011479289940828474
Positive drift (delta = 1.0),0.67,0.015167652859960579
Positive drift (delta = 1.0),0.68,0.01688362919132158
Positive drift (delta = 1.0),0.6900000000000001,0.016232741617357105
Positive drift (delta = 1.0),0.7000000000000001,0.018737672583826526
Positive drift (delta = 1.0),0.71,0.02084812623274157
Positive drift (delta = 1.0),0.72,0.02059171597633136
Positive drift (delta = 1.0),0.73,0.02230769230769225
Positive drift (delta = 1.0),0.74,0.020078895463510826
Positive drift (delta = 1.0),0.75,0.02179487179487183
Positive drift (delta = 1.0),0.76,0.025483234714003933
Positive drift (delta = 1.0),0.77,0.025621301775147987
Positive drift (delta = 1.0),0.78,0.025364891518737664
Positive drift (delta = 1.0),0.79,0.02471400394477319
Positive drift (delta = 1.0),0.8,0.026035502958579926
Positive drift (delta = 1.0),0.81,0.02893491124260361
Positive drift (delta = 1.0),0.8200000000000001,0.029861932938856084
Positive drift (delta = 1.0),0.8300000000000001,0.030788954635108556
Positive drift (delta = 1.0),0.84,0.03211045364891518
Positive drift (delta = 1.0),0.85,0.0346153846153846
Positive drift (delta = 1.0),0.86,0.03278106508875733
Positive drift (delta = 1.0),0.87,0.03252465483234712
Positive drift (delta = 1.0),0.88,0.031084812623274116
Positive drift (delta = 1.0),0.89,0.031617357001972435
Positive drift (delta = 1.0),0.9,0.0293885601577909
Positive drift (delta = 1.0),0.91,0.024792899408284108
Positive drift (delta = 1.0),0.92,0.02493096646942805
Positive drift (delta = 1.0),0.93,0.02467455621301784
Positive drift (delta = 1.0),0.9400000000000001,0.023234714003944834
Positive drift (delta = 1.0),0.9500000000000001,0.022978303747534623
Positive drift (delta = 1.0),0.96,0.019960552268244558
Positive drift (delta = 1.0),0.97,0.01733727810650887
Positive drift (delta = 1.0),0.98,0.012347140039447702
Positive drift (delta = 1.0),0.99,0.004595660749506902
Positive drift (delta = 1.0),1,0
Latency (eta = 1.0),0,-0.03747534516765286
Latency (eta = 1.0),0.01,-0.04759368836291913
Latency (eta = 1.0),0.02,-0.04351084812623274
Latency (eta = 1.0),0.03,-0.044950690335305715
Latency (eta = 1.0),0.04,-0.04402366863905325
Latency (eta = 1.0),0.05,-0.044674556213017746
Latency (eta = 1.0),0.06,-0.04927021696252466
Latency (eta = 1.0),0.07,-0.04637080867850098
Latency (eta = 1.0),0.08,-0.04426035502958579
Latency (eta = 1.0),0.09,-0.044516765285996046
Latency (eta = 1.0),0.1,-0.04319526627218934
Latency (eta = 1.0),0.11,-0.04187376725838264
Latency (eta = 1.0),0.12,-0.04410256410256411
Latency (eta = 1.0),0.13,-0.04159763313609466
Latency (eta = 1.0),0.14,-0.04500986193293885
Latency (eta = 1.0),0.15,-0.04566074950690335
Latency (eta = 1.0),0.16,-0.044339250493096644
Latency (eta = 1.0),0.17,-0.04499013806706112
Latency (eta = 1.0),0.18,-0.045246548323471414
Latency (eta = 1.0),0.19,-0.0431360946745562
Latency (eta = 1.0),0.2,-0.04063116370808678
Latency (eta = 1.0),0.21,-0.0385207100591716
Latency (eta = 1.0),0.22,-0.0383826429980276
Latency (eta = 1.0),0.23,-0.039033530571992076
Latency (eta = 1.0),0.24,-0.043234714003944796
Latency (eta = 1.0),0.25,-0.041124260355029585
Latency (eta = 1.0),0.26,-0.0429585798816568
Latency (eta = 1.0),0.27,-0.045976331360946754
Latency (eta = 1.0),0.28,-0.04465483234714002
Latency (eta = 1.0),0.29,-0.044516765285996074
Latency (eta = 1.0),0.3,-0.04516765285996055
Latency (eta = 1.0),0.31,-0.043057199211045394
Latency (eta = 1.0),0.32,-0.04173570019723866
Latency (eta = 1.0),0.33,-0.03883629191321497
Latency (eta = 1.0),0.34,-0.03672583826429976
Latency (eta = 1.0),0.35000000000000003,-0.043293885601577875
Latency (eta = 1.0),0.36,-0.04078895463510851
Latency (eta = 1.0),0.37,-0.04025641025641025
Latency (eta = 1.0),0.38,-0.03972386587771204
Latency (eta = 1.0),0.39,-0.039191321499013776
Latency (eta = 1.0),0.4,-0.038264299802761303
Latency (eta = 1.0),0.41000000000000003,-0.04128205128205126
Latency (eta = 1.0),0.42,-0.04153846153846158
Latency (eta = 1.0),0.43,-0.041005917159763317
Latency (eta = 1.0),0.44,-0.038500986193293896
Latency (eta = 1.0),0.45,-0.04033530571992111
Latency (eta = 1.0),0.46,-0.043353057199211065
Latency (eta = 1.0),0.47000000000000003,-0.03966469428007885
Latency (eta = 1.0),0.48,-0.037948717948718014
Latency (eta = 1.0),0.49,-0.038205128205128225
Latency (eta = 1.0),0.5,-0.035700197238658804
Latency (eta = 1.0),0.51,-0.035167652859960596
Latency (eta = 1.0),0.52,-0.033451676528599594
Latency (eta = 1.0),0.53,-0.036074950690335283
Latency (eta = 1.0),0.54,-0.03672583826429976
Latency (eta = 1.0),0.55,-0.03698224852070997
Latency (eta = 1.0),0.56,-0.0328994082840236
Latency (eta = 1.0),0.5700000000000001,-0.03197238658777113
Latency (eta = 1.0),0.58,-0.0318343195266273
Latency (eta = 1.0),0.59,-0.03130177514792898
Latency (eta = 1.0),0.6,-0.028796844181459558
Latency (eta = 1.0),0.61,-0.02826429980276135
Latency (eta = 1.0),0.62,-0.028915187376725826
Latency (eta = 1.0),0.63,-0.026410256410256405
Latency (eta = 1.0),0.64,-0.024694280078895403
Latency (eta = 1.0),0.65,-0.021794871794871717
Latency (eta = 1.0),0.66,-0.022445759368836304
Latency (eta = 1.0),0.67,-0.021518737672583832
Latency (eta = 1.0),0.68,-0.022958579881656727
Latency (eta = 1.0),0.6900000000000001,-0.022031558185404254
Latency (eta = 1.0),0.7000000000000001,-0.022287968441814576
Latency (eta = 1.0),0.71,-0.0225443786982249
Latency (eta = 1.0),0.72,-0.020433925049309742
Latency (eta = 1.0),0.73,-0.022662721893491167
Latency (eta = 1.0),0.74,-0.020157790927021746
Latency (eta = 1.0),0.75,-0.020019723865877692
Latency (eta = 1.0),0.76,-0.01751479289940827
Latency (eta = 1.0),0.77,-0.01422090729783032
Latency (eta = 1.0),0.78,-0.014477317554240643
Latency (eta = 1.0),0.79,-0.015522682445759384
Latency (eta = 1.0),0.8,-0.012228796844181433
Latency (eta = 1.0),0.81,-0.01209072978303738
Latency (eta = 1.0),0.8200000000000001,-0.011163708086784907
Latency (eta = 1.0),0.8300000000000001,-0.012603550295857913
Latency (eta = 1.0),0.84,-0.012071005917159816
Latency (eta = 1.0),0.85,-0.009566074950690395
Latency (eta = 1.0),0.86,-0.009033530571992077
Latency (eta = 1.0),0.87,-0.01284023668639056
Latency (eta = 1.0),0.88,-0.011913214990138088
Latency (eta = 1.0),0.89,-0.009013806706114402
Latency (eta = 1.0),0.9,-0.009270216962524613
Latency (eta = 1.0),0.91,-0.007554240631163722
Latency (eta = 1.0),0.92,-0.008205128205128198
Latency (eta = 1.0),0.93,-0.0053057199211045125
Latency (eta = 1.0),0.9400000000000001,-0.002011834319526562
Latency (eta = 1.0),0.9500000000000001,-0.0018737672583826193
Latency (eta = 1.0),0.96,-0.0017357001972386765
Latency (eta = 1.0),0.97,-0.0027810650887574173
Latency (eta = 1.0),0.98,-0.004615384615384688
Latency (eta = 1.0),0.99,-0.0032938856015779505
Latency (eta = 1.0),1,0
Smoothing (lambda = 0.8),0,-0.05996055226824457
Smoothing (lambda = 0.8),0.01,-0.10084812623274163
Smoothing (lambda = 0.8),0.02,-0.1141222879684418
Smoothing (lambda = 0.8),0.03,-0.12069033530571993
Smoothing (lambda = 0.8),0.04,-0.12173570019723864
Smoothing (lambda = 0.8),0.05,-0.12357001972386587
Smoothing (lambda = 0.8),0.06,-0.12619329388560158
Smoothing (lambda = 0.8),0.07,-0.12644970414201182
Smoothing (lambda = 0.8),0.08,-0.129861932938856
Smoothing (lambda = 0.8),0.09,-0.12893491124260356
Smoothing (lambda = 0.8),0.1,-0.12958579881656804
Smoothing (lambda = 0.8),0.11,-0.12629191321499011
Smoothing (lambda = 0.8),0.12,-0.12536489151873767
Smoothing (lambda = 0.8),0.13,-0.1252268244575937
Smoothing (lambda = 0.8),0.14,-0.12390532544378696
Smoothing (lambda = 0.8),0.15,-0.1210059171597633
Smoothing (lambda = 0.8),0.16,-0.12205128205128205
Smoothing (lambda = 0.8),0.17,-0.12309664694280079
Smoothing (lambda = 0.8),0.18,-0.12493096646942803
Smoothing (lambda = 0.8),0.19,-0.12439842209072977
Smoothing (lambda = 0.8),0.2,-0.12623274161735698
Smoothing (lambda = 0.8),0.21,-0.12451676528599606
Smoothing (lambda = 0.8),0.22,-0.12319526627218932
Smoothing (lambda = 0.8),0.23,-0.11950690335305716
Smoothing (lambda = 0.8),0.24,-0.11660749506903356
Smoothing (lambda = 0.8),0.25,-0.11489151873767256
Smoothing (lambda = 0.8),0.26,-0.11357001972386588
Smoothing (lambda = 0.8),0.27,-0.11382642998027609
Smoothing (lambda = 0.8),0.28,-0.11368836291913215
Smoothing (lambda = 0.8),0.29,-0.11315581854043394
Smoothing (lambda = 0.8),0.3,-0.10986193293885604
Smoothing (lambda = 0.8),0.31,-0.10893491124260357
Smoothing (lambda = 0.8),0.32,-0.11313609467455621
Smoothing (lambda = 0.8),0.33,-0.10944773175542405
Smoothing (lambda = 0.8),0.34,-0.11207100591715974
Smoothing (lambda = 0.8),0.35000000000000003,-0.110749506903353
Smoothing (lambda = 0.8),0.36,-0.10824457593688364
Smoothing (lambda = 0.8),0.37,-0.10652859960552269
Smoothing (lambda = 0.8),0.38,-0.10481262327416174
Smoothing (lambda = 0.8),0.39,-0.10546351084812622
Smoothing (lambda = 0.8),0.4,-0.10453648915187375
Smoothing (lambda = 0.8),0.41000000000000003,-0.10360946745562127
Smoothing (lambda = 0.8),0.42,-0.10268244575936886
Smoothing (lambda = 0.8),0.43,-0.10175542406311638
Smoothing (lambda = 0.8),0.44,-0.10082840236686391
Smoothing (lambda = 0.8),0.45,-0.09990138067061144
Smoothing (lambda = 0.8),0.46,-0.09660749506903349
Smoothing (lambda = 0.8),0.47000000000000003,-0.09568047337278102
Smoothing (lambda = 0.8),0.48,-0.09357001972386592
Smoothing (lambda = 0.8),0.49,-0.09422090729783039
Smoothing (lambda = 0.8),0.5,-0.09408284023668634
Smoothing (lambda = 0.8),0.51,-0.09433925049309666
Smoothing (lambda = 0.8),0.52,-0.09104536489151871
Smoothing (lambda = 0.8),0.53,-0.08972386587771197
Smoothing (lambda = 0.8),0.54,-0.08761341222879682
Smoothing (lambda = 0.8),0.55,-0.08629191321499008
Smoothing (lambda = 0.8),0.56,-0.08733727810650882
Smoothing (lambda = 0.8),0.5700000000000001,-0.08207100591715966
Smoothing (lambda = 0.8),0.58,-0.08074950690335314
Smoothing (lambda = 0.8),0.59,-0.0794280078895464
Smoothing (lambda = 0.8),0.6,-0.07652859960552272
Smoothing (lambda = 0.8),0.61,-0.07441814595660756
Smoothing (lambda = 0.8),0.62,-0.07309664694280082
Smoothing (lambda = 0.8),0.63,-0.07295857988165677
Smoothing (lambda = 0.8),0.64,-0.06966469428007893
Smoothing (lambda = 0.8),0.65,-0.06873767258382646
Smoothing (lambda = 0.8),0.66,-0.06583826429980277
Smoothing (lambda = 0.8),0.67,-0.06925049309664688
Smoothing (lambda = 0.8),0.68,-0.06556213017751478
Smoothing (lambda = 0.8),0.6900000000000001,-0.06345167652859951
Smoothing (lambda = 0.8),0.7000000000000001,-0.060552268244575824
Smoothing (lambda = 0.8),0.71,-0.06001972386587773
Smoothing (lambda = 0.8),0.72,-0.05869822485207099
Smoothing (lambda = 0.8),0.73,-0.055798816568047305
Smoothing (lambda = 0.8),0.74,-0.05447731755424068
Smoothing (lambda = 0.8),0.75,-0.05078895463510846
Smoothing (lambda = 0.8),0.76,-0.04788954635108478
Smoothing (lambda = 0.8),0.77,-0.04577909270216962
Smoothing (lambda = 0.8),0.78,-0.044457593688362884
Smoothing (lambda = 0.8),0.79,-0.04392504930966468
Smoothing (lambda = 0.8),0.8,-0.042209072978303674
Smoothing (lambda = 0.8),0.81,-0.04049309664694278
Smoothing (lambda = 0.8),0.8200000000000001,-0.039171597633136046
Smoothing (lambda = 0.8),0.8300000000000001,-0.03627218934911236
Smoothing (lambda = 0.8),0.84,-0.033372781065088786
Smoothing (lambda = 0.8),0.85,-0.035996055226824475
Smoothing (lambda = 0.8),0.86,-0.03546351084812627
Smoothing (lambda = 0.8),0.87,-0.03177514792899405
Smoothing (lambda = 0.8),0.88,-0.028086785009861948
Smoothing (lambda = 0.8),0.89,-0.026370808678500945
Smoothing (lambda = 0.8),0.9,-0.023865877712031525
Smoothing (lambda = 0.8),0.91,-0.02175542406311637
Smoothing (lambda = 0.8),0.92,-0.02043392504930963
Smoothing (lambda = 0.8),0.93,-0.015562130177514732
Smoothing (lambda = 0.8),0.9400000000000001,-0.01463510848126226
Smoothing (lambda = 0.8),0.9500000000000001,-0.01213017751479284
Smoothing (lambda = 0.8),0.96,-0.010019723865877794
Smoothing (lambda = 0.8),0.97,-0.010276134122288005
Smoothing (lambda = 0.8),0.98,-0.008954635108481268
Smoothing (lambda = 0.8),0.99,-0.004871794871794899
Smoothing (lambda = 0.8),1,0
Coarsened (m = 10),0,-0.11479289940828402
Coarsened (m = 10),0.01,-0.14463510848126232
Coarsened (m = 10),0.02,-0.14252465483234714
Coarsened (m = 10),0.03,-0.13923076923076924
Coarsened (m = 10),0.04,-0.13593688362919132
Coarsened (m = 10),0.05,-0.13500986193293885
Coarsened (m = 10),0.06,-0.13092702169625248
Coarsened (m = 10),0.07,-0.12644970414201182
Coarsened (m = 10),0.08,-0.1219723865877712
Coarsened (m = 10),0.09,-0.1206508875739645
Coarsened (m = 10),0.1,-0.11775147928994081
Coarsened (m = 10),0.11,-0.1152465483234714
Coarsened (m = 10),0.12,-0.11313609467455621
Coarsened (m = 10),0.13,-0.11260355029585797
Coarsened (m = 10),0.14,-0.11088757396449705
Coarsened (m = 10),0.15,-0.1111439842209073
Coarsened (m = 10),0.16,-0.1125838264299803
Coarsened (m = 10),0.17,-0.11007889546351082
Coarsened (m = 10),0.18,-0.10757396449704143
Coarsened (m = 10),0.19,-0.103491124260355
Coarsened (m = 10),0.2,-0.1029585798816568
Coarsened (m = 10),0.21,-0.10282051282051283
Coarsened (m = 10),0.22,-0.10228796844181462
Coarsened (m = 10),0.23,-0.10017751479289941
Coarsened (m = 10),0.24,-0.10516765285996055
Coarsened (m = 10),0.25,-0.10226824457593686
Coarsened (m = 10),0.26,-0.10449704142011834
Coarsened (m = 10),0.27,-0.10672583826429977
Coarsened (m = 10),0.28,-0.10540433925049308
Coarsened (m = 10),0.29,-0.10211045364891519
Coarsened (m = 10),0.3,-0.1039447731755424
Coarsened (m = 10),0.31,-0.1034122287968442
Coarsened (m = 10),0.32,-0.10090729783037472
Coarsened (m = 10),0.33,-0.09958579881656804
Coarsened (m = 10),0.34,-0.09865877712031557
Coarsened (m = 10),0.35000000000000003,-0.09615384615384615
Coarsened (m = 10),0.36,-0.09404339250493099
Coarsened (m = 10),0.37,-0.09272189349112425
Coarsened (m = 10),0.38,-0.0906114398422091
Coarsened (m = 10),0.39,-0.09126232741617357
Coarsened (m = 10),0.4,-0.08796844181459562
Coarsened (m = 10),0.41000000000000003,-0.08743589743589741
Coarsened (m = 10),0.42,-0.08769230769230768
Coarsened (m = 10),0.43,-0.08715976331360947
Coarsened (m = 10),0.44,-0.08662721893491127
Coarsened (m = 10),0.45,-0.08727810650887574
Coarsened (m = 10),0.46,-0.08635108481262327
Coarsened (m = 10),0.47000000000000003,-0.08502958579881653
Coarsened (m = 10),0.48,-0.08291913214990143
Coarsened (m = 10),0.49,-0.07923076923076922
Coarsened (m = 10),0.5,-0.0767258382642998
Coarsened (m = 10),0.51,-0.07698224852071
Coarsened (m = 10),0.52,-0.07842209072978301
Coarsened (m = 10),0.53,-0.07591715976331359
Coarsened (m = 10),0.54,-0.07459566074950685
Coarsened (m = 10),0.55,-0.0756410256410256
Coarsened (m = 10),0.56,-0.07195266272189349
Coarsened (m = 10),0.5700000000000001,-0.06984220907297822
Coarsened (m = 10),0.58,-0.06773175542406318
Coarsened (m = 10),0.59,-0.06641025641025644
Coarsened (m = 10),0.6,-0.06351084812623276
Coarsened (m = 10),0.61,-0.061005917159763334
Coarsened (m = 10),0.62,-0.0596844181459566
Coarsened (m = 10),0.63,-0.06151873767258387
Coarsened (m = 10),0.64,-0.05822485207100592
Coarsened (m = 10),0.65,-0.057297830374753445
Coarsened (m = 10),0.66,-0.05715976331360939
Coarsened (m = 10),0.67,-0.0554437869822485
Coarsened (m = 10),0.68,-0.0537278106508875
Coarsened (m = 10),0.6900000000000001,-0.05674556213017745
Coarsened (m = 10),0.7000000000000001,-0.05424063116370803
Coarsened (m = 10),0.71,-0.052130177514792986
Coarsened (m = 10),0.72,-0.050414201183431984
Coarsened (m = 10),0.73,-0.04790927021696256
Coarsened (m = 10),0.74,-0.04461538461538461
Coarsened (m = 10),0.75,-0.04211045364891519
Coarsened (m = 10),0.76,-0.040000000000000036
Coarsened (m = 10),0.77,-0.03907297830374756
Coarsened (m = 10),0.78,-0.03735700197238656
Coarsened (m = 10),0.79,-0.036035502958579824
Coarsened (m = 10),0.8,-0.03155818540433919
Coarsened (m = 10),0.81,-0.03536489151873767
Coarsened (m = 10),0.8200000000000001,-0.03285996055226814
Coarsened (m = 10),0.8300000000000001,-0.030749506903352986
Coarsened (m = 10),0.84,-0.03021696252465489
Coarsened (m = 10),0.85,-0.029289940828402417
Coarsened (m = 10),0.86,-0.028362919132149944
Coarsened (m = 10),0.87,-0.026252465483234677
Coarsened (m = 10),0.88,-0.025325443786982205
Coarsened (m = 10),0.89,-0.023609467455621314
Coarsened (m = 10),0.9,-0.020315581854043363
Coarsened (m = 10),0.91,-0.017810650887573942
Coarsened (m = 10),0.92,-0.014516765285995992
Coarsened (m = 10),0.93,-0.0128007889546351
Coarsened (m = 10),0.9400000000000001,-0.011084812623274098
Coarsened (m = 10),0.9500000000000001,-0.01055226824457589
Coarsened (m = 10),0.96,-0.007258382642998051
Coarsened (m = 10),0.97,-0.0075147928994082624
Coarsened (m = 10),0.98,-0.00658777120315579
Coarsened (m = 10),0.99,-0.004082840236686369
Coarsened (m = 10),1,0
