K,n_loss,curve,t,upper_gap
100,4991,K = 100,0,-0.11280304548186736
100,4991,K = 100,0.01,-0.1418733720697255
100,4991,K = 100,0.02,-0.13868563414145463
100,4991,K = 100,0.03,-0.13790222400320576
100,4991,K = 100,0.04,-0.1361170106191144
100,4991,K = 100,0.05,-0.13433179723502303
100,4991,K = 100,0.06,-0.13074333800841514
100,4991,K = 100,0.07,-0.1303606491685033
100,4991,K = 100,0.08,-0.12877579643358045
100,4991,K = 100,0.09,-0.12558805850530957
100,4991,K = 100,0.1,-0.1246042877178922
100,4991,K = 100,0.11,-0.12281907433380083
100,4991,K = 100,0.12,-0.11943097575636147
100,4991,K = 100,0.13,-0.11804648367060708
100,4991,K = 100,0.14,-0.11606090963734722
100,4991,K = 100,0.15,-0.11347425365658184
100,4991,K = 100,0.16,-0.11028651572831097
100,4991,K = 100,0.17,-0.1103045481867361
100,4991,K = 100,0.18,-0.1097214986976558
100,4991,K = 100,0.19,-0.10813664596273292
100,4991,K = 100,0.2,-0.10955720296533761
100,4991,K = 100,0.21,-0.10937487477459426
100,4991,K = 100,0.22,-0.10738930074133438
100,4991,K = 100,0.23,-0.10860949709477055
100,4991,K = 100,0.24,-0.10742536565818472
100,4991,K = 100,0.25,-0.10904628330995791
100,4991,K = 100,0.26,-0.10746143057503504
100,4991,K = 100,0.27,-0.10487477459426969
100,4991,K = 100,0.28,-0.10208775796433578
100,4991,K = 100,0.29,-0.10170506912442401
100,4991,K = 100,0.3,-0.10132238028451213
100,4991,K = 100,0.31,-0.09873572430374672
100,4991,K = 100,0.32,-0.09715087156882385
100,4991,K = 100,0.33,-0.094764576237227
100,4991,K = 100,0.34,-0.09418152674814662
100,4991,K = 100,0.35000000000000003,-0.09219595271488679
100,4991,K = 100,0.36,-0.08940893608495293
100,4991,K = 100,0.37,-0.08642155880585056
100,4991,K = 100,0.38,-0.08623923061510719
100,4991,K = 100,0.39,-0.08505509917852133
100,4991,K = 100,0.4,-0.08427168904027249
100,4991,K = 100,0.41000000000000003,-0.0834882789020236
100,4991,K = 100,0.42,-0.08230414746543785
100,4991,K = 100,0.43,-0.08071929473051492
100,4991,K = 100,0.44,-0.07813263874974957
100,4991,K = 100,0.45,-0.07875175315568023
100,4991,K = 100,0.46,-0.07736726106992581
100,4991,K = 100,0.47000000000000003,-0.07798637547585646
100,4991,K = 100,0.48,-0.0764015227409337
100,4991,K = 100,0.49,-0.07361450611099984
100,4991,K = 100,0.5,-0.07182929272690841
100,4991,K = 100,0.51,-0.06964335804448007
100,4991,K = 100,0.52,-0.06906030855539969
100,4991,K = 100,0.53,-0.06667401322380284
100,4991,K = 100,0.54,-0.06528952113804842
100,4991,K = 100,0.55,-0.06490683229813665
100,4991,K = 100,0.56,-0.06412342215988776
100,4991,K = 100,0.5700000000000001,-0.0613364055299539
100,4991,K = 100,0.58,-0.0601522740933681
100,4991,K = 100,0.59,-0.061973552394309794
100,4991,K = 100,0.6,-0.059987978361049965
100,4991,K = 100,0.61,-0.05780204367862152
100,4991,K = 100,0.62,-0.05902224003205769
100,4991,K = 100,0.63,-0.05663594470046085
100,4991,K = 100,0.64,-0.05525145261470643
100,4991,K = 100,0.65,-0.05186335403726705
100,4991,K = 100,0.66,-0.05148066519735517
100,4991,K = 100,0.67,-0.050496894409937876
100,4991,K = 100,0.68,-0.048511320376677936
100,4991,K = 100,0.6900000000000001,-0.04752754958926064
100,4991,K = 100,0.7000000000000001,-0.04514125425766369
100,4991,K = 100,0.71,-0.04455820476858352
100,4991,K = 100,0.72,-0.04397515527950313
100,4991,K = 100,0.73,-0.041789220597074794
100,4991,K = 100,0.74,-0.04320977759967948
100,4991,K = 100,0.75,-0.04322781005810461
100,4991,K = 100,0.76,-0.04244439991985571
100,4991,K = 100,0.77,-0.04005810458825887
100,4991,K = 100,0.78,-0.040677218994189523
100,4991,K = 100,0.79,-0.0390923662592666
100,4991,K = 100,0.8,-0.03550390703265871
100,4991,K = 100,0.81,-0.03291725105189336
100,4991,K = 100,0.8200000000000001,-0.029328791825285472
100,4991,K = 100,0.8300000000000001,-0.029346824283710604
100,4991,K = 100,0.84,-0.02716088960128238
100,4991,K = 100,0.85,-0.026978561410539004
100,4991,K = 100,0.86,-0.02679623321979563
100,4991,K = 100,0.87,-0.02561210178320983
100,4991,K = 100,0.88,-0.023025445802444366
100,4991,K = 100,0.89,-0.02164095371669006
100,4991,K = 100,0.9,-0.02025646163093564
100,4991,K = 100,0.91,-0.018871969545181333
100,4991,K = 100,0.92,-0.017487477459426914
100,4991,K = 100,0.93,-0.014099378881987534
100,4991,K = 100,0.9400000000000001,-0.014518132638749681
100,4991,K = 100,0.9500000000000001,-0.012131837307152837
100,4991,K = 100,0.96,-0.009745541975555994
100,4991,K = 100,0.97,-0.009162492486475715
100,4991,K = 100,0.98,-0.005774393909036335
100,4991,K = 100,0.99,-0.00338809857743938
100,4991,K = 100,1,0
1000,5008,"K = 1,000",0,-0.036741214057507986
1000,5008,"K = 1,000",0.01,-0.04431309904153354
1000,5008,"K = 1,000",0.02,-0.04230031948881789
1000,5008,"K = 1,000",0.03,-0.04188498402555911
1000,5008,"K = 1,000",0.04,-0.040870607028753995
1000,5008,"K = 1,000",0.05,-0.039656549520766776
1000,5008,"K = 1,000",0.06,-0.03604632587859426
1000,5008,"K = 1,000",0.07,-0.037627795527156546
1000,5008,"K = 1,000",0.08,-0.03841054313099042
1000,5008,"K = 1,000",0.09,-0.03639776357827476
1000,5008,"K = 1,000",0.1,-0.03438498402555909
1000,5008,"K = 1,000",0.11,-0.03536741214057508
1000,5008,"K = 1,000",0.12,-0.035551118210862626
1000,5008,"K = 1,000",0.13,-0.03593450479233226
1000,5008,"K = 1,000",0.14,-0.03412140575079872
1000,5008,"K = 1,000",0.15,-0.03350638977635784
1000,5008,"K = 1,000",0.16,-0.03468849840255592
1000,5008,"K = 1,000",0.17,-0.03287539936102235
1000,5008,"K = 1,000",0.18,-0.03206070287539936
1000,5008,"K = 1,000",0.19,-0.03024760383386582
1000,5008,"K = 1,000",0.2,-0.031629392971246006
1000,5008,"K = 1,000",0.21,-0.032212460063897774
1000,5008,"K = 1,000",0.22,-0.03359424920127793
1000,5008,"K = 1,000",0.23,-0.03337859424920128
1000,5008,"K = 1,000",0.24,-0.033562300319488814
1000,5008,"K = 1,000",0.25,-0.03614217252396168
1000,5008,"K = 1,000",0.26,-0.03812300319488815
1000,5008,"K = 1,000",0.27,-0.03710862619808303
1000,5008,"K = 1,000",0.28,-0.037092651757188455
1000,5008,"K = 1,000",0.29,-0.03488019169329076
1000,5008,"K = 1,000",0.3,-0.03486421725239619
1000,5008,"K = 1,000",0.31,-0.03764376996805113
1000,5008,"K = 1,000",0.32,-0.03762779552715656
1000,5008,"K = 1,000",0.33,-0.03661341853035144
1000,5008,"K = 1,000",0.34,-0.03579872204472839
1000,5008,"K = 1,000",0.35000000000000003,-0.03338658146964851
1000,5008,"K = 1,000",0.36,-0.033969648562300336
1000,5008,"K = 1,000",0.37,-0.03375399361022363
1000,5008,"K = 1,000",0.38,-0.034536741214057476
1000,5008,"K = 1,000",0.39,-0.03272364217252394
1000,5008,"K = 1,000",0.4,-0.03250798722044729
1000,5008,"K = 1,000",0.41000000000000003,-0.031892971246006374
1000,5008,"K = 1,000",0.42,-0.031078274760383384
1000,5008,"K = 1,000",0.43,-0.03106230031948881
1000,5008,"K = 1,000",0.44,-0.02805111821086259
1000,5008,"K = 1,000",0.45,-0.026837060702875393
1000,5008,"K = 1,000",0.46,-0.025423322683706062
1000,5008,"K = 1,000",0.47000000000000003,-0.024209265175718808
1000,5008,"K = 1,000",0.48,-0.02479233226837063
1000,5008,"K = 1,000",0.49,-0.02317891373801917
1000,5008,"K = 1,000",0.5,-0.024560702875399354
1000,5008,"K = 1,000",0.51,-0.025343450479233254
1000,5008,"K = 1,000",0.52,-0.02592651757188502
1000,5008,"K = 1,000",0.53,-0.025111821086261976
1000,5008,"K = 1,000",0.54,-0.026094249201277897
1000,5008,"K = 1,000",0.55,-0.02607827476038338
1000,5008,"K = 1,000",0.56,-0.023466453674121368
1000,5008,"K = 1,000",0.5700000000000001,-0.024049520766773136
1000,5008,"K = 1,000",0.58,-0.023833865814696487
1000,5008,"K = 1,000",0.59,-0.022020766773163003
1000,5008,"K = 1,000",0.6,-0.02260383386581477
1000,5008,"K = 1,000",0.61,-0.02238817891373801
1000,5008,"K = 1,000",0.62,-0.020575079872204527
1000,5008,"K = 1,000",0.63,-0.02075878594249203
1000,5008,"K = 1,000",0.64,-0.019544728434504832
1000,5008,"K = 1,000",0.65,-0.02012779552715649
1000,5008,"K = 1,000",0.66,-0.021709265175718806
1000,5008,"K = 1,000",0.67,-0.01849840255591051
1000,5008,"K = 1,000",0.68,-0.019081469648562277
1000,5008,"K = 1,000",0.6900000000000001,-0.01706869009584655
1000,5008,"K = 1,000",0.7000000000000001,-0.0168530351437699
1000,5008,"K = 1,000",0.71,-0.014840255591054397
1000,5008,"K = 1,000",0.72,-0.0150239616613419
1000,5008,"K = 1,000",0.73,-0.015607028753993668
1000,5008,"K = 1,000",0.74,-0.015391373801916908
1000,5008,"K = 1,000",0.75,-0.012979233226837028
1000,5008,"K = 1,000",0.76,-0.012563897763578247
1000,5008,"K = 1,000",0.77,-0.010151757188498367
1000,5008,"K = 1,000",0.78,-0.008538338658146905
1000,5008,"K = 1,000",0.79,-0.00872204472843452
1000,5008,"K = 1,000",0.8,-0.006110223642172508
1000,5008,"K = 1,000",0.81,-0.008690095846645263
1000,5008,"K = 1,000",0.8200000000000001,-0.010471246006389712
1000,5008,"K = 1,000",0.8300000000000001,-0.01005591054313093
1000,5008,"K = 1,000",0.84,-0.00744408945686903
1000,5008,"K = 1,000",0.85,-0.007827476038338665
1000,5008,"K = 1,000",0.86,-0.008210862619808301
1000,5008,"K = 1,000",0.87,-0.008993610223642201
1000,5008,"K = 1,000",0.88,-0.008178913738019156
1000,5008,"K = 1,000",0.89,-0.00616613418530354
1000,5008,"K = 1,000",0.9,-0.006749201277955197
1000,5008,"K = 1,000",0.91,-0.0057348242811501304
1000,5008,"K = 1,000",0.92,-0.007316293929712447
1000,5008,"K = 1,000",0.93,-0.006900958466453666
1000,5008,"K = 1,000",0.9400000000000001,-0.00708466453674117
1000,5008,"K = 1,000",0.9500000000000001,-0.007468051118210806
1000,5008,"K = 1,000",0.96,-0.006253993610223718
1000,5008,"K = 1,000",0.97,-0.0044408945686901236
1000,5008,"K = 1,000",0.98,-0.004624600638977627
1000,5008,"K = 1,000",0.99,-0.0020127795527156156
1000,5008,"K = 1,000",1,0
10000,4966,"K = 10,000",0,-0.009061619009262988
10000,4966,"K = 10,000",0.01,-0.010942408376963352
10000,4966,"K = 10,000",0.02,-0.011413612565445024
10000,4966,"K = 10,000",0.03,-0.011482078131292789
10000,4966,"K = 10,000",0.04,-0.012557390253725334
10000,4966,"K = 10,000",0.05,-0.015445026178010468
10000,4966,"K = 10,000",0.06,-0.014103906564639557
10000,4966,"K = 10,000",0.07,-0.01215867901731775
10000,4966,"K = 10,000",0.08,-0.014039468385018128
10000,4966,"K = 10,000",0.09,-0.012698348771647203
10000,4966,"K = 10,000",0.1,-0.012364075714861048
10000,4966,"K = 10,000",0.11,-0.011425694724124039
10000,4966,"K = 10,000",0.12,-0.0114941602899718
10000,4966,"K = 10,000",0.13,-0.010555779299234791
10000,4966,"K = 10,000",0.14,-0.009818767619814733
10000,4966,"K = 10,000",0.15,-0.009484494563028606
10000,4966,"K = 10,000",0.16,-0.009351590817559402
10000,4966,"K = 10,000",0.17,-0.009017317760773247
10000,4966,"K = 10,000",0.18,-0.01069673781715666
10000,4966,"K = 10,000",0.19,-0.010161095449053553
10000,4966,"K = 10,000",0.2,-0.01063229963753523
10000,4966,"K = 10,000",0.21,-0.010902134514699957
10000,4966,"K = 10,000",0.22,-0.008956906967378164
10000,4966,"K = 10,000",0.23,-0.008421264599275058
10000,4966,"K = 10,000",0.24,-0.006677406363270244
10000,4966,"K = 10,000",0.25,-0.00493354812726543
10000,4966,"K = 10,000",0.26,-0.006210229561014913
10000,4966,"K = 10,000",0.27,-0.006882803060813514
10000,4966,"K = 10,000",0.28,-0.0055416834474426024
10000,4966,"K = 10,000",0.29,-0.004200563834071691
10000,4966,"K = 10,000",0.3,-0.004269029399919466
10000,4966,"K = 10,000",0.31,-0.0037333870318163598
10000,4966,"K = 10,000",0.32,-0.003399113975030177
10000,4966,"K = 10,000",0.33,-0.0038703181635118544
10000,4966,"K = 10,000",0.34,-0.0031333064840918246
10000,4966,"K = 10,000",0.35000000000000003,-0.0036045106725734466
10000,4966,"K = 10,000",0.36,-0.0018606524365686883
10000,4966,"K = 10,000",0.37,-0.004144180426902955
10000,4966,"K = 10,000",0.38,-0.007434554973822005
10000,4966,"K = 10,000",0.39,-0.007100281917035822
10000,4966,"K = 10,000",0.4,-0.007168747482883597
10000,4966,"K = 10,000",0.41000000000000003,-0.007237213048731317
10000,4966,"K = 10,000",0.42,-0.007104309303262224
10000,4966,"K = 10,000",0.43,-0.010193314538864295
10000,4966,"K = 10,000",0.44,-0.00945630285944421
10000,4966,"K = 10,000",0.45,-0.007511075312122417
10000,4966,"K = 10,000",0.46,-0.006371325010068429
10000,4966,"K = 10,000",0.47000000000000003,-0.006641159887233183
10000,4966,"K = 10,000",0.48,-0.00489730165122837
10000,4966,"K = 10,000",0.49,-0.004965767217076145
10000,4966,"K = 10,000",0.5,-0.007047925896093488
10000,4966,"K = 10,000",0.51,-0.004498590414820813
10000,4966,"K = 10,000",0.52,-0.003560209424083749
10000,4966,"K = 10,000",0.53,-0.0044341522351992735
10000,4966,"K = 10,000",0.54,-0.005710833668948867
10000,4966,"K = 10,000",0.55,-0.0061820378574304335
10000,4966,"K = 10,000",0.56,-0.005646395489327327
10000,4966,"K = 10,000",0.5700000000000001,-0.004909383809907353
10000,4966,"K = 10,000",0.58,-0.005581957309706009
10000,4966,"K = 10,000",0.59,-0.006858638743455492
10000,4966,"K = 10,000",0.6,-0.007329842931937169
10000,4966,"K = 10,000",0.61,-0.006190092629883237
10000,4966,"K = 10,000",0.62,-0.0038421264599275418
10000,4966,"K = 10,000",0.63,-0.0027023761578734984
10000,4966,"K = 10,000",0.64,-0.002770841723721329
10000,4966,"K = 10,000",0.65,-0.0044502617801046584
10000,4966,"K = 10,000",0.66,-0.002505034232782921
10000,4966,"K = 10,000",0.67,-0.0033789770438984457
10000,4966,"K = 10,000",0.68,-0.0036488119210631442
10000,4966,"K = 10,000",0.6900000000000001,-0.002509061619009212
10000,4966,"K = 10,000",0.7000000000000001,-0.0033830044301247364
10000,4966,"K = 10,000",0.71,-0.002041884816753936
10000,4966,"K = 10,000",0.72,-0.0035199355618203976
10000,4966,"K = 10,000",0.73,-0.002782923882400312
10000,4966,"K = 10,000",0.74,-0.0028513894482481428
10000,4966,"K = 10,000",0.75,-0.0023157470801450364
10000,4966,"K = 10,000",0.76,-7.73258155457146e-4
10000,4966,"K = 10,000",0.77,-4.389850986709076e-4
10000,4966,"K = 10,000",0.78,-3.060813532017592e-4
10000,4966,"K = 10,000",0.79,-3.745469190494788e-4
10000,4966,"K = 10,000",0.8,-0.0032621828433346822
10000,4966,"K = 10,000",0.81,-0.002927909786548444
10000,4966,"K = 10,000",0.8200000000000001,-0.0023922674184453374
10000,4966,"K = 10,000",0.8300000000000001,-0.005078534031413562
10000,4966,"K = 10,000",0.84,-0.0033346757954088035
10000,4966,"K = 10,000",0.85,-0.00400724929520746
10000,4966,"K = 10,000",0.86,-0.0028674989931534167
10000,4966,"K = 10,000",0.87,-7.209021345147004e-4
10000,4966,"K = 10,000",0.88,0.002029802658074953
10000,4966,"K = 10,000",0.89,0.0027668143374949272
10000,4966,"K = 10,000",0.9,0.0037051953282319916
10000,4966,"K = 10,000",0.91,0.003435360451067293
10000,4966,"K = 10,000",0.92,0.0025614176399516575
10000,4966,"K = 10,000",0.93,0.004103906564639548
10000,4966,"K = 10,000",0.9400000000000001,0.0024244865082562184
10000,4966,"K = 10,000",0.9500000000000001,7.450664518727779e-4
10000,4966,"K = 10,000",0.96,0.0016834474426097312
10000,4966,"K = 10,000",0.97,6.081353201772277e-4
10000,4966,"K = 10,000",0.98,-4.671768022553868e-4
10000,4966,"K = 10,000",0.99,-0.0023479661699556953
10000,4966,"K = 10,000",1,0
100000,5000,"K = 100,000",0,-0.0048
100000,5000,"K = 100,000",0.01,-0.004200000000000001
100000,5000,"K = 100,000",0.02,-0.003599999999999999
100000,5000,"K = 100,000",0.03,-0.0030000000000000027
100000,5000,"K = 100,000",0.04,-0.003599999999999999
100000,5000,"K = 100,000",0.05,-0.002799999999999997
100000,5000,"K = 100,000",0.06,-0.006000000000000005
100000,5000,"K = 100,000",0.07,-0.005199999999999996
100000,5000,"K = 100,000",0.08,-0.004400000000000001
100000,5000,"K = 100,000",0.09,-0.004600000000000007
100000,5000,"K = 100,000",0.1,-0.005199999999999996
100000,5000,"K = 100,000",0.11,-0.0030000000000000027
100000,5000,"K = 100,000",0.12,-0.0032000000000000084
100000,5000,"K = 100,000",0.13,-0.003799999999999998
100000,5000,"K = 100,000",0.14,-0.005599999999999994
100000,5000,"K = 100,000",0.15,-0.0040000000000000036
100000,5000,"K = 100,000",0.16,-0.006399999999999989
100000,5000,"K = 100,000",0.17,-0.005999999999999978
100000,5000,"K = 100,000",0.18,-0.005599999999999994
100000,5000,"K = 100,000",0.19,-0.006599999999999995
100000,5000,"K = 100,000",0.2,-0.005199999999999982
100000,5000,"K = 100,000",0.21,-0.008000000000000007
100000,5000,"K = 100,000",0.22,-0.009199999999999986
100000,5000,"K = 100,000",0.23,-0.00799999999999998
100000,5000,"K = 100,000",0.24,-0.007000000000000006
100000,5000,"K = 100,000",0.25,-0.008000000000000007
100000,5000,"K = 100,000",0.26,-0.007799999999999974
100000,5000,"K = 100,000",0.27,-0.008000000000000007
100000,5000,"K = 100,000",0.28,-0.007999999999999952
100000,5000,"K = 100,000",0.29,-0.006400000000000017
100000,5000,"K = 100,000",0.3,-0.009000000000000008
100000,5000,"K = 100,000",0.31,-0.008599999999999997
100000,5000,"K = 100,000",0.32,-0.009000000000000008
100000,5000,"K = 100,000",0.33,-0.010799999999999976
100000,5000,"K = 100,000",0.34,-0.013999999999999957
100000,5000,"K = 100,000",0.35000000000000003,-0.014399999999999968
100000,5000,"K = 100,000",0.36,-0.013600000000000001
100000,5000,"K = 100,000",0.37,-0.01319999999999999
100000,5000,"K = 100,000",0.38,-0.01200000000000001
100000,5000,"K = 100,000",0.39,-0.010199999999999987
100000,5000,"K = 100,000",0.4,-0.010799999999999976
100000,5000,"K = 100,000",0.41000000000000003,-0.008999999999999952
100000,5000,"K = 100,000",0.42,-0.008000000000000007
100000,5000,"K = 100,000",0.43,-0.006599999999999995
100000,5000,"K = 100,000",0.44,-0.007400000000000018
100000,5000,"K = 100,000",0.45,-0.009199999999999986
100000,5000,"K = 100,000",0.46,-0.008399999999999963
100000,5000,"K = 100,000",0.47000000000000003,-0.006399999999999961
100000,5000,"K = 100,000",0.48,-0.005400000000000016
100000,5000,"K = 100,000",0.49,-0.0050000000000000044
100000,5000,"K = 100,000",0.5,-0.006399999999999961
100000,5000,"K = 100,000",0.51,-0.005800000000000027
100000,5000,"K = 100,000",0.52,-0.006800000000000028
100000,5000,"K = 100,000",0.53,-0.008399999999999963
100000,5000,"K = 100,000",0.54,-0.008399999999999963
100000,5000,"K = 100,000",0.55,-0.006799999999999917
100000,5000,"K = 100,000",0.56,-0.005999999999999894
100000,5000,"K = 100,000",0.5700000000000001,-0.0047999999999999154
100000,5000,"K = 100,000",0.58,-0.006000000000000005
100000,5000,"K = 100,000",0.59,-0.0040000000000000036
100000,5000,"K = 100,000",0.6,-0.0048000000000000265
100000,5000,"K = 100,000",0.61,-0.00660000000000005
100000,5000,"K = 100,000",0.62,-0.0040000000000000036
100000,5000,"K = 100,000",0.63,-0.0038000000000000256
100000,5000,"K = 100,000",0.64,-0.0030000000000000027
100000,5000,"K = 100,000",0.65,-0.0043999999999999595
100000,5000,"K = 100,000",0.66,-0.0040000000000000036
100000,5000,"K = 100,000",0.67,-0.0020000000000000018
100000,5000,"K = 100,000",0.68,-0.0021999999999999797
100000,5000,"K = 100,000",0.6900000000000001,0.0014000000000000679
100000,5000,"K = 100,000",0.7000000000000001,0.001000000000000112
100000,5000,"K = 100,000",0.71,0.0017999999999999128
100000,5000,"K = 100,000",0.72,0.0031999999999999806
100000,5000,"K = 100,000",0.73,0.005599999999999938
100000,5000,"K = 100,000",0.74,0.0041999999999999815
100000,5000,"K = 100,000",0.75,0.0038000000000000256
100000,5000,"K = 100,000",0.76,0.0016000000000000458
100000,5000,"K = 100,000",0.77,0.0021999999999999797
100000,5000,"K = 100,000",0.78,0.0024000000000000687
100000,5000,"K = 100,000",0.79,0.0028000000000000247
100000,5000,"K = 100,000",0.8,0.0020000000000000018
100000,5000,"K = 100,000",0.81,0.0018000000000000238
100000,5000,"K = 100,000",0.8200000000000001,0.0022000000000000908
100000,5000,"K = 100,000",0.8300000000000001,8.000000000000229e-4
100000,5000,"K = 100,000",0.84,8.000000000000229e-4
100000,5000,"K = 100,000",0.85,0.0013999999999999568
100000,5000,"K = 100,000",0.86,8.000000000000229e-4
100000,5000,"K = 100,000",0.87,0.0011999999999999789
100000,5000,"K = 100,000",0.88,6.000000000000449e-4
100000,5000,"K = 100,000",0.89,0.0010000000000000009
100000,5000,"K = 100,000",0.9,0.0014000000000000679
100000,5000,"K = 100,000",0.91,0.0026000000000000467
100000,5000,"K = 100,000",0.92,0.0028000000000000247
100000,5000,"K = 100,000",0.93,0.0032000000000000917
100000,5000,"K = 100,000",0.9400000000000001,0.0026000000000000467
100000,5000,"K = 100,000",0.9500000000000001,0.0018000000000000238
100000,5000,"K = 100,000",0.96,0.0027999999999999137
100000,5000,"K = 100,000",0.97,0.0021999999999999797
100000,5000,"K = 100,000",0.98,0.0025999999999999357
100000,5000,"K = 100,000",0.99,0.0010000000000000009
100000,5000,"K = 100,000",1,0
1000000,5025,"K = 1,000,000",0,-0.0015920398009950248
1000000,5025,"K = 1,000,000",0.01,-0.004328358208955224
1000000,5025,"K = 1,000,000",0.02,-0.004079601990049749
1000000,5025,"K = 1,000,000",0.03,-0.004228855721393039
1000000,5025,"K = 1,000,000",0.04,-0.0029850746268656678
1000000,5025,"K = 1,000,000",0.05,-0.0031343283582089543
1000000,5025,"K = 1,000,000",0.06,-0.0028855721393034883
1000000,5025,"K = 1,000,000",0.07,-0.0012437810945273575
1000000,5025,"K = 1,000,000",0.08,-0.0011940298507462643
1000000,5025,"K = 1,000,000",0.09,-0.0037313432835820864
1000000,5025,"K = 1,000,000",0.1,-8.955223880596913e-4
1000000,5025,"K = 1,000,000",0.11,-6.467661691542254e-4
1000000,5025,"K = 1,000,000",0.12,-0.001990049751243783
1000000,5025,"K = 1,000,000",0.13,-1.4925373134327957e-4
1000000,5025,"K = 1,000,000",0.14,0.0010945273631841057
1000000,5025,"K = 1,000,000",0.15,0.0031343283582089543
1000000,5025,"K = 1,000,000",0.16,0.0011940298507462643
1000000,5025,"K = 1,000,000",0.17,-1.4925373134327957e-4
1000000,5025,"K = 1,000,000",0.18,-2.985074626865869e-4
1000000,5025,"K = 1,000,000",0.19,1.4925373134327957e-4
1000000,5025,"K = 1,000,000",0.2,3.980099502487733e-4
1000000,5025,"K = 1,000,000",0.21,8.45771144278612e-4
1000000,5025,"K = 1,000,000",0.22,8.955223880597052e-4
1000000,5025,"K = 1,000,000",0.23,0.0029353233830845815
1000000,5025,"K = 1,000,000",0.24,0.0029850746268656747
1000000,5025,"K = 1,000,000",0.25,0.0026368159203980224
1000000,5025,"K = 1,000,000",0.26,0.0020895522388059695
1000000,5025,"K = 1,000,000",0.27,0.0017412935323383172
1000000,5025,"K = 1,000,000",0.28,0.001990049751243783
1000000,5025,"K = 1,000,000",0.29,-0.0013432835820895717
1000000,5025,"K = 1,000,000",0.3,-6.965174129353602e-4
1000000,5025,"K = 1,000,000",0.31,-4.477611940298387e-4
1000000,5025,"K = 1,000,000",0.32,5.970149253731183e-4
1000000,5025,"K = 1,000,000",0.33,-1.4925373134327957e-4
1000000,5025,"K = 1,000,000",0.34,-9.950248756218638e-5
1000000,5025,"K = 1,000,000",0.35000000000000003,0.0015422885572139444
1000000,5025,"K = 1,000,000",0.36,0.0015920398009950376
1000000,5025,"K = 1,000,000",0.37,-1.4925373134327957e-4
1000000,5025,"K = 1,000,000",0.38,-0.0020895522388059695
1000000,5025,"K = 1,000,000",0.39,7.462686567164534e-4
1000000,5025,"K = 1,000,000",0.4,0.002587064676616957
1000000,5025,"K = 1,000,000",0.41000000000000003,0.0024378109452736774
1000000,5025,"K = 1,000,000",0.42,0.002686567164179088
1000000,5025,"K = 1,000,000",0.43,0.0029353233830845538
1000000,5025,"K = 1,000,000",0.44,7.96019900497491e-4
1000000,5025,"K = 1,000,000",0.45,0.002437810945273622
1000000,5025,"K = 1,000,000",0.46,0.002885572139303516
1000000,5025,"K = 1,000,000",0.47000000000000003,1.4925373134333508e-4
1000000,5025,"K = 1,000,000",0.48,5.970149253731183e-4
1000000,5025,"K = 1,000,000",0.49,8.457711442785842e-4
1000000,5025,"K = 1,000,000",0.5,0.0032835820895522616
1000000,5025,"K = 1,000,000",0.51,5.472636815920806e-4
1000000,5025,"K = 1,000,000",0.52,0.0021890547263682114
1000000,5025,"K = 1,000,000",0.53,2.4875621890552146e-4
1000000,5025,"K = 1,000,000",0.54,0.0014925373134329067
1000000,5025,"K = 1,000,000",0.55,0.00472636815920402
1000000,5025,"K = 1,000,000",0.56,0.006567164179104523
1000000,5025,"K = 1,000,000",0.5700000000000001,0.0052238805970149516
1000000,5025,"K = 1,000,000",0.58,0.005273631840795989
1000000,5025,"K = 1,000,000",0.59,0.004726368159203909
1000000,5025,"K = 1,000,000",0.6,0.003383084577114448
1000000,5025,"K = 1,000,000",0.61,0.0028358208955223674
1000000,5025,"K = 1,000,000",0.62,0.0010945273631840502
1000000,5025,"K = 1,000,000",0.63,0.002736318407960181
1000000,5025,"K = 1,000,000",0.64,0.004179104477611939
1000000,5025,"K = 1,000,000",0.65,0.005024875621890579
1000000,5025,"K = 1,000,000",0.66,0.0024875621890547706
1000000,5025,"K = 1,000,000",0.67,0.0013432835820895717
1000000,5025,"K = 1,000,000",0.68,0.0013930348258707204
1000000,5025,"K = 1,000,000",0.6900000000000001,0.0028358208955224784
1000000,5025,"K = 1,000,000",0.7000000000000001,0.0034825870646766344
1000000,5025,"K = 1,000,000",0.71,0.004527363184079536
1000000,5025,"K = 1,000,000",0.72,0.004378109452736312
1000000,5025,"K = 1,000,000",0.73,0.004029850746268604
1000000,5025,"K = 1,000,000",0.74,0.004278606965174125
1000000,5025,"K = 1,000,000",0.75,0.004527363184079647
1000000,5025,"K = 1,000,000",0.76,0.003383084577114448
1000000,5025,"K = 1,000,000",0.77,0.0020398009950248763
1000000,5025,"K = 1,000,000",0.78,6.965174129353047e-4
1000000,5025,"K = 1,000,000",0.79,-4.975124378103768e-5
1000000,5025,"K = 1,000,000",0.8,0.0011940298507463476
1000000,5025,"K = 1,000,000",0.81,4.97512437811487e-5
1000000,5025,"K = 1,000,000",0.8200000000000001,-0.0014925373134327957
1000000,5025,"K = 1,000,000",0.8300000000000001,5.472636815920806e-4
1000000,5025,"K = 1,000,000",0.84,0.0011940298507462366
1000000,5025,"K = 1,000,000",0.85,0.001442786069651758
1000000,5025,"K = 1,000,000",0.86,0.003681592039801007
1000000,5025,"K = 1,000,000",0.87,0.00412935323383079
1000000,5025,"K = 1,000,000",0.88,0.003383084577114448
1000000,5025,"K = 1,000,000",0.89,0.0020398009950248763
1000000,5025,"K = 1,000,000",0.9,-0.0010945273631840502
1000000,5025,"K = 1,000,000",0.91,9.452736318408261e-4
1000000,5025,"K = 1,000,000",0.92,0.0011940298507463476
1000000,5025,"K = 1,000,000",0.93,0.0016417910447761308
1000000,5025,"K = 1,000,000",0.9400000000000001,0.002089552238806025
1000000,5025,"K = 1,000,000",0.9500000000000001,0.0017412935323384282
1000000,5025,"K = 1,000,000",0.96,1.9900497512437276e-4
1000000,5025,"K = 1,000,000",0.97,0.001442786069651758
1000000,5025,"K = 1,000,000",0.98,-9.950248756218638e-5
1000000,5025,"K = 1,000,000",0.99,1.4925373134322406e-4
1000000,5025,"K = 1,000,000",1,0
